name,year,battle_number,attacker_king,defender_king,attacker_1,attacker_2,attacker_3,attacker_4,defender_1,defender_2,defender_3,defender_4,attacker_outcome,battle_type,major_death,major_capture,attacker_size,defender_size,attacker_commander,defender_commander,summer,location,region,note,lon,lat,type
Battle of the Golden Tooth,298,1,Joffrey/Tommen Baratheon,Robb Stark,Lannister,,,,Tully,,,,win,Pitched battle,1,0,15000,4000,Jaime Lannister,"Clement Piper, Vance",1,Golden Tooth,The Westerlands,,670,570,minor
Battle at the Mummer's Ford,298,2,Joffrey/Tommen Baratheon,Robb Stark,Lannister,,,,Baratheon,,,,win,Ambush,1,0,200,120,Gregor Clegane,Beric Dondarrion,1,Mummer's Ford,The Riverlands,,780,565,minor
Battle of Riverrun,298,3,Joffrey/Tommen Baratheon,Robb Stark,Lannister,,,,Tully,,,,win,Pitched battle,0,1,15000,10000,"Jaime Lannister, Andros Brax","Edmure Tully, Tytos Blackwood",1,Riverrun,The Riverlands,,796,538,major
Battle of the Green Fork,298,4,Robb Stark,Joffrey/Tommen Baratheon,Stark,,,,Lannister,,,,loss,Pitched battle,1,1,18000,20000,"Roose Bolton, Wylis Manderly, Medger Cerwyn, Harrion Karstark, Halys Hornwood","Tywin Lannister, Gregor Clegane, Kevan Lannister, Addam Marbrand",1,Green Fork,The Riverlands,,840,480,minor
Battle of the Whispering Wood,298,5,Robb Stark,Joffrey/Tommen Baratheon,Stark,Tully,,,Lannister,,,,win,Ambush,1,1,1875,6000,"Robb Stark, Brynden Tully",Jaime Lannister,1,Whispering Wood,The Riverlands,,820,515,minor
Battle of the Camps,298,6,Robb Stark,Joffrey/Tommen Baratheon,Stark,Tully,,,Lannister,,,,win,Ambush,0,0,6000,12625,"Robb Stark, Tytos Blackwood, Brynden Tully","Lord Andros Brax, Forley Prester",1,Riverrun,The Riverlands,,796,538,major
Sack of Darry,298,7,Joffrey/Tommen Baratheon,Robb Stark,Lannister,,,,Darry,,,,win,Pitched battle,0,0,200,100,Gregor Clegane,Lyman Darry,1,Darry,The Riverlands,,988,540,minor
Battle of Moat Cailin,299,8,Robb Stark,Balon Greyjoy,Bolton,,,,Greyjoy,,,,win,Pitched battle,0,0,800,200,Victarion Greyjoy,,1,Moat Cailin,The North,,890,400,major
Battle of Deepwood Motte,299,9,Balon/Euron Greyjoy,Robb Stark,Greyjoy,,,,Stark,,,,win,Siege,0,0,1000,200,Asha Greyjoy,,1,Deepwood Motte,The North,,700,270,minor
Battle of the Stony Shore,299,10,Balon/Euron Greyjoy,Robb Stark,Greyjoy,,,,Stark,,,,win,Ambush,0,0,500,800,Theon Greyjoy,,1,Stony Shore,The North,"Greyjoy's troop number based on the Battle of Deepwood Motte, in which Asha had 1000 soldier on 30 longships. That comes out to ~33 per longship. In the Battle of the Stony Shore, Theon has 8 longships, and just we can estimate that he has 8*33 =265 troops.",510,340,minor
Battle of Torrhen's Square,299,11,Robb Stark,Balon/Euron Greyjoy,Stark,,,,Greyjoy,,,,win,Pitched battle,0,0,244,900,"Rodrik Cassel, Cley Cerwyn",Dagmer Cleftjaw,1,Torrhen's Square,The North,Greyjoy's troop number comes from the 264 estimate to have arrived on the stony shore minus the 20 Theon takes to attack Winterfell. Thus 264-20=244,710,325,minor
Battle of Winterfell,299,12,Balon/Euron Greyjoy,Robb Stark,Greyjoy,,,,Stark,,,,win,Ambush,0,1,30,100,Theon Greyjoy,Bran Stark,1,Winterfell,The North,"It isn't mentioned how many Stark men are left in Winterfell, other than ""very few"".",880,300,major
Sack of Torrhen's Square,299,13,Balon/Euron Greyjoy,Robb Stark,Greyjoy,,,,Stark,,,,loss,Siege,0,1,300,1000,Dagmer Cleftjaw,,1,Torrhen's Square,The North,,710,325,minor
Sack of Winterfell,299,14,Joffrey/Tommen Baratheon,Robb Stark,Bolton,Greyjoy,,,Stark,,,,win,Ambush,1,0,618,2000,"Ramsay Snow, Theon Greyjoy ","Rodrik Cassel, Cley Cerwyn, Leobald Tallhart",1,Winterfell,The North,"Since House Bolton betrays the Starks for House Lannister, we code this battle as between these two houses. Greyjoy men, numbering only 20, don't play a major part in the fighting and end up dying anyway.",880,300,major
Battle of Oxcross,299,15,Robb Stark,Joffrey/Tommen Baratheon,Stark,Tully,,,Lannister,,,,win,Ambush,1,1,6000,10000,"Robb Stark, Brynden Tully","Stafford Lannister, Roland Crakehall, Antario Jast",1,Oxcross,The Westerlands,,635,575,minor
Siege of Storm's End,299,16,Stannis Baratheon,Renly Baratheon,Baratheon,,,,Baratheon,,,,win,Siege,1,0,5000,20000,"Stannis Baratheon, Davos Seaworth","Renly Baratheon, Cortnay Penrose, Loras Tyrell, Randyll Tarly, Mathis Rowan",1,Storm's End,The Stormlands,,1160,680,major
Battle of the Fords,299,17,Joffrey/Tommen Baratheon,Robb Stark,Lannister,,,,Tully,,,,loss,Pitched battle,0,0,20000,10000,"Tywin Lannister, Flement Brax, Gregor Clegane, Addam Marbrand, Lyle Crakehall, Leo Lefford","Edmure Tully, Jason Mallister, Karyl Vance",1,Red Fork,The Riverlands,,860,527,minor
Sack of Harrenhal,299,18,Robb Stark,Joffrey/Tommen Baratheon,Stark,,,,Lannister,,,,win,Ambush,1,0,100,100,"Roose Bolton, Vargo Hoat, Robett Glover",Amory Lorch,1,Harrenhal,The Riverlands,,965,555,major
Battle of the Crag,299,19,Robb Stark,Joffrey/Tommen Baratheon,Stark,,,,Lannister,,,,win,Ambush,0,0,6000,500,"Robb Stark, Smalljon Umber, Black Walder Frey",Rolph Spicer,1,Crag,The Westerlands,,570,545,minor
Battle of the Blackwater,299,20,Stannis Baratheon,Joffrey/Tommen Baratheon,Baratheon,,,,Lannister,,,,loss,Pitched battle,1,1,21000,7250,"Stannis Baratheon, Imry Florent, Guyard Morrigen, Rolland Storm, Salladhor Saan, Davos Seaworth","Tyrion Lannister, Jacelyn Bywater, Sandor Clegane, Tywin Lannister, Garlan Tyrell, Mace Tyrell, Randyll Tarly",1,King's Landing,The Crownlands,,1060,610,major
Siege of Darry,299,21,Robb Stark,Joffrey/Tommen Baratheon,Darry,,,,Lannister,,,,win,Siege,0,0,4000,500,Helman Tallhart,,1,Darry,The Riverlands,,988,540,minor
Battle of Duskendale,299,22,Robb Stark,Joffrey/Tommen Baratheon,Stark,,,,Lannister,,,,loss,Pitched battle,1,0,3000,1000,"Robertt Glover, Helman Tallhart","Randyll Tarly, Gregor Clegane",1,Duskendale,The Crownlands,,1100,596,minor
Battle of the Ruby Ford,299,23,Joffrey/Tommen Baratheon,Robb Stark,Lannister,,,,Stark,,,,win,Pitched battle,0,0,9000,6000,Gregor Clegane,"Roose Bolton, Wylis Manderly",,Ruby Ford,The Riverlands,,960,535,minor
Retaking of Harrenhal,299,24,Joffrey/Tommen Baratheon,,Lannister,,,,Brave Companions,,,,win,Pitched battle,1,0,10000,200,Gregor Clegane,Vargo Hoat,1,Harrenhal,The Riverlands,,965,555,major
The Red Wedding,299,25,Joffrey/Tommen Baratheon,Robb Stark,Frey,Bolton,,,Stark,,,,win,Ambush,1,1,3500,3500,"Walder Frey, Roose Bolton, Walder Rivers",Robb Stark,1,The Twins,The Riverlands,"This observation refers to the battle against the Stark men, not the attack on the wedding",810,470,major
Siege of Seagard,299,26,Robb Stark,Joffrey/Tommen Baratheon,Frey,,,,Mallister,,,,win,Siege,0,1,5000,1000,Walder Frey,Jason Mallister,1,Seagard,The Riverlands,,790,490,minor
Battle of Castle Black,300,27,Stannis Baratheon,Mance Rayder,Free folk,Thenns,Giants,,Night's Watch,Baratheon,,,loss,Siege,1,1,100000,1240,"Mance Rayder, Tormund Giantsbane, Harma Dogshead, Magnar Styr, Varamyr","Stannis Baratheon, Jon Snow, Donal Noye, Cotter Pyke",0,Castle Black,Beyond the Wall,,985,200,major
Fall of Moat Cailin,300,28,Joffrey/Tommen Baratheon,Balon/Euron Greyjoy,Bolton,,,,Greyjoy,,,,win,Siege,0,0,500,200,Ramsey Bolton,,0,Moat Cailin,The North,,890,400,major
Retaking of Deepwood Motte,300,29,Stannis Baratheon,Balon/Euron Greyjoy,Baratheon,Karstark,Mormont,Glover,Greyjoy,,,,win,Pitched battle,0,0,4500,200,"Stannis Baratheon, Alysane Mormot",Asha Greyjoy,0,Deepwood Motte,The North,,700,270,minor
Battle of the Shield Islands,300,30,Balon/Euron Greyjoy,Joffrey/Tommen Baratheon,Greyjoy,,,,Tyrell,,,,win,Pitched battle,0,0,6000,3000,"Euron Greyjoy, Victarion Greyjoy",,0,Shield Islands,The Reach,,530,685,minor
Invasion of The Arbor,300,31,Balon/Euron Greyjoy,Joffrey/Tommen Baratheon,Greyjoy,,,,Tyrell,,,,win,Razing,0,0,2000,300,"Euron Greyjoy, Victarion Greyjoy",,0,The Arbor,The Reach,,455,805,minor
Second Seige of Storm's End,300,32,Joffrey/Tommen Baratheon,Stannis Baratheon,Lannister,,,,Baratheon,,,,win,Siege,0,0,2000,200,"Mace Tyrell, Mathis Rowan",Gilbert Farring,0,Storm's End,The Stormlands,,1160,680,major
Siege of Dragonstone,300,33,Joffrey/Tommen Baratheon,Stannis Baratheon,Lannister,,,,Baratheon,,,,win,Siege,0,0,6000,1000,"Loras Tyrell, Raxter Redwyne",Rolland Storm,0,Dragonstone,The Crownlands,,1230,580,major
Siege of Riverrun,300,34,Joffrey/Tommen Baratheon,Robb Stark,Lannister,Frey,,,Tully,,,,win,Siege,0,0,5000,800,"Daven Lannister, Ryman Fey, Jaime Lannister",Brynden Tully,0,Riverrun,The Riverlands,,796,538,major
Siege of Raventree,300,35,Joffrey/Tommen Baratheon,Robb Stark,Bracken,Lannister,,,Blackwood,,,,win,Siege,0,1,2000,1000,"Jonos Bracken, Jaime Lannister",Tytos Blackwood,0,Raventree,The Riverlands,,780,520,minor
Siege of Winterfell,300,36,Stannis Baratheon,Joffrey/Tommen Baratheon,Baratheon,Karstark,Mormont,Glover,Bolton,Frey,,,,Siege,,,5000,8000,Stannis Baratheon,Roose Bolton,0,Winterfell,The North,,880,300,major
