location,region,lon,lat,type
Winterfell,The North,880,300,major
Moat Cailin,The North,890,400,major
Stony Shore,The North,510,340,minor
Torrhen's Square,The North,710,325,minor
Deepwood Motte,The North,700,270,minor
Widow's Watch,The North,1250,370,minor
The Dreadfort,The North,1090,290,minor
Mummer's Ford,The Riverlands,780,565,minor
Riverrun,The Riverlands,796,538,major
Green Fork,The Riverlands,840,480,minor
Whispering Wood,The Riverlands,820,515,minor
Darry,The Riverlands,988,540,minor
Red Fork,The Riverlands,860,527,minor
Harrenhal,The Riverlands,965,555,major
Ruby Ford,The Riverlands,960,535,minor
The Twins,The Riverlands,810,470,major
Seagard,The Riverlands,790,490,minor
Raventree,The Riverlands,780,520,minor
Golden Tooth,The Westerlands,670,570,minor
Oxcross,The Westerlands,635,575,minor
Crag,The Westerlands,570,545,minor
Storm's End,The Stormlands,1160,680,major
Dragonstone,The Crownlands,1230,580,major
King's Landing,The Crownlands,1060,610,major
Duskendale,The Crownlands,1100,596,minor
Shield Islands,The Reach,530,685,minor
The Arbor,The Reach,455,805,minor
Highgarden,The Reach,663,700,major
Bitterbridge,The Reach,810, ,minor
Oldtown,The Reach,535,750,major
Sunspear,Dorne,1245,795,major
Sandstone,Dorne,810,795,minor
Vaith,Dorne,1000,800,minor
The Eyrie,The Vale,1090,515,major
Gulltown,The Vale,1250,520,minor
Wickendon,The Vale,1110,550,minor
Castle Black,Beyond the Wall,985,200,major
